id;name;description;serviceUrl;inputParams;outputField;destination
9b8e8929-3e3c-4d3b-8567-27e1f4865001;Sum;Sum 2 or more values;;["Value1","Value2"];;
9b8e8929-3e3c-4d3b-8567-27e1f4865002;Concatenate;Concatenate 2 or more strings;;["String1","String2"];;
9b8e8929-3e3c-4d3b-8567-27e1f4865003;Uppercase;Convert to Uppercase;;[];;
9b8e8929-3e3c-4d3b-8567-27e1f4865004;Lowercase;Convert to Lowercase;;[];;
9b8e8929-3e3c-4d3b-8567-27e1f4865005;Multiply;Multiply 2 or more values;;["Value1","Value2"];;
9b8e8929-3e3c-4d3b-8567-27e1f4865006;Divide;Divide two numbers;;["Numerator","Denominator"];;
9b8e8929-3e3c-4d3b-8567-27e1f4865007;Subtract;Subtract two or more numbers;;["Minuend","Subtrahend"];;
9b8e8929-3e3c-4d3b-8567-27e1f4865008;GetCompanyCode;Get Company Code from Invoice Context;;[];;
9b8e8929-3e3c-4d3b-8567-27e1f4865010;Constant;Return a constant value;;["Value"];;
9b8e8929-3e3c-4d3b-8567-27e1f4865011;IfThenElse;Conditional Logic (If A op B Then X Else Y);;["ConditionLeft","Operator","ConditionRight","ThenValue","ElseValue"];;
9b8e8929-3e3c-4d3b-8567-27e1f4865012;GenerateProgressive;Generate Progressive Number (00001) based on Item Index;;["Length"];;
9b8e8929-3e3c-4d3b-8567-27e1f4865013;Substring;Extract a substring value;;["String","Length"];;
9b8e8929-3e3c-4d3b-8567-27e1f4865014;GetCurrentDate;Get Current Date (Today);;[];;
9b8e8929-3e3c-4d3b-8567-27e1f4865015;SwitchCase;Conditional Logic (Input matches Case Result Else Default);;["Input","Cases","DefaultValue"];;
9b8e8929-3e3c-4d3b-8567-27e1f4865016;RoundDecimals;Round a numeric value to a specified number of decimal places;;["Value","Decimals"];;
9b8e8929-3e3c-4d3b-8567-27e1f4865017;FormatDate;Format a date value to a specified pattern (default YYYY-MM-DD);;["Value","Format","InputLocale"];;
9b8e8929-3e3c-4d3b-8567-27e1f4865018;ExistsGroup;Check if a grouping (FieldType) has data;;["GroupName"];;
9b8e8929-3e3c-4d3b-8567-27e1f4865019;SubstringRegex;Extract a substring value using a regular expression;;["String","Pattern"];;
9b8e8929-3e3c-4d3b-8567-27e1f4865020;GetGLAccount;Get GL Account based on input value;;["Input"];;
9b8e8929-3e3c-4d3b-8567-27e1f4865021;Conditions;Evaluate an input value against an array of conditional rules sequentially and return the matching Then value, or DefaultValue if none match;;["Input","Conditions","DefaultValue"];;
0bf14be7-218f-400e-9116-0a2409948dec;GetTaxCodeFI;Function for get tax code for scenario FI;/sap/opu/odata/sap/ZFIN_APINVOICE_SRV/GetTaxCodeFiSet?$filter=Country eq '{country}' and TaxRate eq '{taxRate}';{\"country\":\"country\",\"taxRate\":\"percentage number of tax\"};TaxCode;SAP-1C
0f633110-c86e-4f72-b3eb-4fd18849e7aa;GetPaymentTermsFromPO;Get Payment Terms code from Purchase order number;/sap/opu/odata/sap/ZFIN_APINVOICE_SRV/HelpPayTermsSet?$filter=Ebeln eq '{purchaseOrder}';{\"purchaseOrder\":\"purchase order number\"};Zterm;SAP-1C
3a781e7a-98b1-490b-94d8-dd3ad04a1263;GetDays;Get number of days from Payment terms code;/sap/opu/odata/sap/ZFIN_APINVOICE_SRV/BaselineDtSet?$filter=Zterm eq '{paymentTerms}';{\"paymentTerms\":\"Code of payment terms\"};Ztag1;SAP-1C
3e79bd04-c2e4-4ec8-a7e5-a4f4690d27d4;GetPaymentBlock;Get if there is a payment block;/sap/opu/odata/sap/ZFIN_APINVOICE_SRV/PmntBlockSet?$filter=Bukrs eq '{bukrs}' and Lifnr eq '{lifnr}';{\"bukrs\":\"Company code\",\"lifnr\":\"Vendor code in SAP\"};Zahls;SAP-1C
3f345c74-d12f-4265-a3f1-27e96eff859c;GetSinglePOItem;Get PO Item from PO and Descriptio;/sap/opu/odata/sap/ZFIN_APINVOICE_SRV/GetPoItemSet?$filter=RefDoc eq '{PONumber}' and ShortText eq '{shortDescr}';{\"PONumber\":\"Purchase Order number\",\"shortDescr\":\"35 characters for description\"};PoItem;SAP-1C
42a8162f-14b0-412d-a1c5-64ae5c0f2212;GetVendorFromPIVA;Get Vendor code in SAP from tax id and company code;/sap/opu/odata/sap/ZFIN_APINVOICE_SRV/HelpFornitoreSet?$filter=Taxnum eq '{piva}' and Bukrs eq '{compCode}';{\"piva\":\"Tax id of Vendor\",\"compCode\":\"Company Code\"};Partner;SAP-1C
5fbaf50a-2591-48e9-a269-c927936fa8d1;GetVendorName;Vendor name from vendor code;/sap/opu/odata/sap/ZFIN_APINVOICE_SRV/GetVendorDescSet?$filter=Lifnr eq '{vendorCode}' ;{\"vendorCode\":\"SAP Vendor Code\"};Description;SAP-1C
6c87e142-65ea-473b-8160-ab4816dcc635;GetTaxRate;Get percentage of tax in SAP;/sap/opu/odata/sap/ZFIN_APINVOICE_SRV/HelpCalcoloPercSet?$filter=Stceg eq '{piva}' and TaxAmount eq {taxAmount} and GrossAmount eq {grossAmount};{\"piva\":\"Tax id of vendor\",\"taxAmount\":\"Tax amount\",\"grossAmount\":\"Gross amount\"};Mwskz;SAP-1C
842fa3fc-3d74-4f72-b37d-2f088fac426b;GetWITaxType;Get code to witholding tax type from SAP;/sap/opu/odata/sap/ZFIN_APINVOICE_SRV/WithHoldingTaxSet?$filter=CompanyCode eq '{compCode}' and VendorNo eq '{vendorNumber}' and TaxTypeStr eq '{taxTypeString}';{\"compCode\":\"Company Code\",\"vendorNumber\":\"Vendor code in SAP\",\"taxTypeString\":\"Strings of tax type separated by comma\"};Witht;SAP-1C
860349d0-b517-42f6-b603-adb81970e8f2;GetTaxRateFromTaxCode;Get percentage of tax from SAP tax code;/sap/opu/odata/sap/ZFIN_APINVOICE_SRV/TaxPercSet?$filter=TaxCode eq '{taxCode}' and Country eq '{Country}';{\"taxCode\":\"SAP Tax Code\",\"Country\":\"2 digit for country\"};TaxRate;SAP-1C
a3622775-2ea3-4ac6-ac6a-020e6979e76c;GetTaxCode;Get SAP Tax Code;/sap/opu/odata/sap/ZFIN_APINVOICE_SRV/GetTaxCodeSet?$filter=Country eq '{Country}' and TaxRate eq '{taxRate}' and Ebeln eq '{PONumber}' and Ebelp eq '{POItem}';{\"Country\":\"2 digit for country\",\"taxRate\":\"percentage of tax rate\",\"PONumber\":\"Number of Purchase Order\",\"POItem\":\"position of purchase order\"};TaxCode;SAP-1C
b4337d85-f2ac-4ed4-a944-8d81cb8e22ef;GetDocumentType;Get document type code;/sap/opu/odata/sap/ZFIN_APINVOICE_SRV/GetDocumentTypeSet?$filter=Invoice eq '{Invoice}' and Bukrs eq '{Bukrs}' and VendorTaxID eq '{VendorTaxID}';{\"Invoice\":\"X if is invoice blank if is credit note\",\"Bukrs\":\"company code\",\"VendorTaxID\":\"Tax ID of vendor\"};DocumentType;SAP-1C
b5d20b9a-b7d8-4b3c-91b4-0069f6396836;GetCompanyCodeFromPIVA;Get company code from receiver tax id;/sap/opu/odata/sap/ZFIN_APINVOICE_SRV/HelpCompanyCodeSet?$filter=PartitaIva eq '{piva}';{\"piva\":\"receiver tax id\"};CompanyCode;SAP-1C
cefcb92e-0b08-4eea-a3ab-cf9285159770;GetPmtTermsFromVendor;Get Payment terms from Vendor code and company code;/sap/opu/odata/sap/ZFIN_APINVOICE_SRV/GetPaymentTermsSet?$filter=Bukrs eq '{compCode}' and Lifnr eq '{vendor}';{\"compCode\":\"company code\",\"vendor\":\"Id of vendor\"};Zterm;SAP-1C
d1994f36-5fa6-48d4-ba64-0d445aa3a94e;GetPOItem;Get info of all Purchase Order positions in SAP;/sap/opu/odata/sap/ZFIN_APINVOICE_SRV/GetPoItemFromPoSet?$filter=Ebeln eq '{PONumber}';{\"PONumber\":\"Purchae order number\"};;SAP-1C
d5f95d0e-53f7-49cb-ad25-2d2f8e9c4f2c;SearchHelpBankAccount;;/sap/opu/odata/sap/ZFIN_APINVOICE_SRV/BankDataSet?$filter=Lifnr eq '{vendorCode}';{\"vendorCode\":\"Vendor Code\"};{\"Bvtyp\":\"Partner bank\",\"Iban\":\"Iban\",\"Swift\":\"Swift\",\"Bankn\":\"Account Number\",\"Bankl\":\"Bank keys\",\"Banks\":\"Country\"};SAP-1C
debb6828-6e08-4e8b-bea6-b774d5a58b7d;GetUnitOfMeasure;Get unit of measure from purchase order;/sap/opu/odata/sap/ZFIN_APINVOICE_SRV/GetUOSet?$filter=RefDoc eq '{purchaseOrder}' and PoItem eq '{POItem}';{\"purchaseOrder\":\"purchase order number\",\"POItem\":\"purchase order number of position\"};PoUnit;SAP-1C
df9a4fea-a350-484a-8f75-cc4cc9024c71;GetExchangeRate;Get exchange rate from SAP;/sap/opu/odata/sap/ZFIN_APINVOICE_SRV/ExchangeRateSet?$filter=RateType eq '{rateType}' and FromCurr eq '{fromCurrency}' and ToCurr eq '{toCurrency}' and Date eq datetime'{dateTime}';{\"rateType\":\"type of rate\",\"fromCurrency\":\"from currency\",\"toCurrency\":\"to currency\",\"dateTime\":\"date time now\"};ExchRate;SAP-1C
e20b4a46-997f-4225-840f-8c448691706d;GetBaseline;Get baseline code from SAP;/sap/opu/odata/sap/ZFIN_APINVOICE_SRV/BaselineDtSet?$filter=Zterm eq '{paymentTerms}';{\"paymentTerms\":\"code of payment terms\"};Zdart;SAP-1C
e24cd037-c9f3-4565-b060-d5b60af48b6a;GetWITaxCode;Get code to witholding tax from SAP;/sap/opu/odata/sap/ZFIN_APINVOICE_SRV/WithHoldingTaxSet?$filter=CompanyCode eq '{compCode}' and VendorNo eq '{vendorNumber}' and TaxTypeStr eq '{taxTypeString}';{\"compCode\":\"Company Code\",\"vendorNumber\":\"Vendor code in SAP\",\"taxTypeString\":\"Strings of tax type separated by comma\"};WtWithcd;SAP-1C